{
    "label_num": 3,
    "label_set": [
        0,
        1,
        2
    ],
    "label_value_set": [
        0,
        128,
        255
    ],
    "weights": [
        [
            -11.907524758955581,
            16.534561861862677,
            -0.525542082353484
        ],
        [
            -3.459845251869771,
            6.810605553437164,
            -6.440160823012608
        ],
        [
            15.367370010790344,
            -23.345167415256892,
            6.965702905389465
        ]
    ],
    "bias": [
        -1.198610205023167,
        -6.376173658198889,
        7.574783863223464
    ],
    "image_size": 128,
    "feature_names": [
        "log_area",
        "log_perimeter",
        "circularity"
    ]
}