{
    "label_num": 3,
    "label_set": [
        0,
        1,
        2
    ],
    "label_value_set": [
        0,
        128,
        255
    ],
    "means": [
        [
            9.486261426459574,
            0.40939554124984645
        ],
        [
            5.562452852784284,
            0.5261829917233796
        ],
        [
            5.652346299064804,
            0.39862112034584846
        ]
    ],
    "stds": [
        [
            0.3681648315079518,
            0.12267808043395693
        ],
        [
            1.2651483882553123,
            0.07879806767471305
        ],
        [
            1.11547035394263,
            0.08889111457200317
        ]
    ],
    "image_size": 128,
    "feature_names": [
        "log_area",
        "circularity"
    ]
}