{
    "label_set": [
        0,
        1,
        2
    ],
    "channels": 3,
    "mean": [
        [
            199.50330336466422,
            49.521386732052854,
            49.48040117150252
        ],
        [
            49.508831838624225,
            199.50597854307668,
            49.498339244695174
        ],
        [
            49.515863732538975,
            49.47935869243126,
            199.51771965668001
        ]
    ],
    "variance": [
        [
            [
                19.778937097726047,
                -0.0012455562256205566,
                -0.01744819893868972
            ],
            [
                -0.0012455562256205566,
                20.061626430195847,
                0.013879514517653789
            ],
            [
                -0.01744819893868972,
                0.013879514517653789,
                19.968456281099296
            ]
        ],
        [
            [
                20.0653547333985,
                0.050808819799005644,
                -0.018134386805943016
            ],
            [
                0.050808819799005644,
                20.161863376241474,
                -0.027868669626057503
            ],
            [
                -0.018134386805943016,
                -0.027868669626057503,
                20.051700362061187
            ]
        ],
        [
            [
                20.054664161830168,
                -0.02027876838354914,
                -0.04379524286799579
            ],
            [
                -0.02027876838354914,
                20.056018164378223,
                -0.05183016008334335
            ],
            [
                -0.04379524286799579,
                -0.05183016008334335,
                20.07463749646335
            ]
        ]
    ],
    "std": [
        [
            4.4473516948545955,
            4.479020699907051,
            4.468607868352212
        ],
        [
            4.479436876818168,
            4.49019636277095,
            4.477912500491851
        ],
        [
            4.47824342369083,
            4.4783945967699434,
            4.480472909912898
        ]
    ]
}