{
    "label_set": [
        0,
        1,
        2
    ],
    "channels": 3,
    "mean": [
        [
            100.07503138489054,
            99.88325250649194,
            99.89854941615505
        ],
        [
            199.4169184753432,
            49.621688779814406,
            49.71574507247488
        ],
        [
            219.27018517530286,
            30.140171122614156,
            30.152213743173775
        ]
    ],
    "variance": [
        [
            [
                2387.7907191791837,
                4.12284165358262,
                -3.0552839160779777
            ],
            [
                4.12284165358262,
                2398.3034315053187,
                -4.99589226500444
            ],
            [
                -3.0552839160779777,
                -4.99589226500444,
                2391.9940381742085
            ]
        ],
        [
            [
                398.93309002403146,
                -0.7927160476130681,
                -2.3034537436143863
            ],
            [
                -0.7927160476130681,
                395.7989017142467,
                0.33303376742880053
            ],
            [
                -2.3034537436143863,
                0.33303376742880053,
                395.24433243159945
            ]
        ],
        [
            [
                375.02487172188705,
                0.14237580836069982,
                0.8495477427634581
            ],
            [
                0.14237580836069982,
                353.16031641266545,
                -2.7699529376560363
            ],
            [
                0.8495477427634581,
                -2.7699529376560363,
                351.7713958983346
            ]
        ]
    ],
    "std": [
        [
            48.865025521114624,
            48.972476264788966,
            48.908016093215316
        ],
        [
            19.973309440952228,
            19.894695315944066,
            19.8807528135028
        ],
        [
            19.365558905487006,
            18.79256013460288,
            18.755569730038452
        ]
    ]
}