{
    "label_set": [
        0,
        1,
        2
    ],
    "channels": 3,
    "mean": [
        [
            99.92680991399949,
            99.92680991399949,
            99.92680991399949
        ],
        [
            153.60129624045595,
            150.07984424267468,
            143.11809487646255
        ],
        [
            129.80671806715725,
            124.87718590221567,
            115.93509960773105
        ]
    ],
    "variance": [
        [
            [
                2393.947631590157,
                2393.947630590157,
                2393.947630590157
            ],
            [
                2393.947630590157,
                2393.947631590157,
                2393.947630590157
            ],
            [
                2393.947630590157,
                2393.947630590157,
                2393.947631590157
            ]
        ],
        [
            [
                1939.2524083837689,
                1890.4262345303075,
                1786.10237425449
            ],
            [
                1890.4262345303075,
                1857.7388152515089,
                1775.4831384545957
            ],
            [
                1786.10237425449,
                1775.4831384545957,
                1727.9159079634148
            ]
        ],
        [
            [
                1891.959463706807,
                1868.4907074395273,
                1837.7593260779217
            ],
            [
                1868.4907074395273,
                1856.7256986154362,
                1836.1969293694112
            ],
            [
                1837.7593260779217,
                1836.1969293694112,
                1829.8890820595238
            ]
        ]
    ],
    "std": [
        [
            48.92798413576996,
            48.92798413576996,
            48.92798413576996
        ],
        [
            44.03694367668775,
            43.10149435056178,
            41.56820789934797
        ],
        [
            43.49666037418053,
            43.08974006205464,
            42.77720283117544
        ]
    ]
}