{
    "label_num": 3,
    "label_set": [
        0,
        1,
        2
    ],
    "label_value_set": [
        0,
        128,
        255
    ],
    "weights": [
        [
            6.111187875377923,
            5.769522931554026,
            -1.9460870276226863
        ],
        [
            -6.500422760805113,
            -3.4068644014431086,
            0.2563067269806481
        ],
        [
            0.389234885379792,
            -2.362658530147142,
            1.6897803006364882
        ]
    ],
    "bias": [
        -95.17242030762723,
        77.43241164106716,
        17.74000866662825
    ],
    "image_size": 256,
    "feature_names": [
        "log_area",
        "log_perimeter",
        "circularity"
    ]
}