{
    "label_num": 2,
    "label_set": [
        0,
        255
    ],
    "label_value_set": [
        0,
        255
    ],
    "weights": [
        [
            -0.22334139561443353
        ],
        [
            0.22334139561443536
        ]
    ],
    "bias": [
        0.8177293172841674,
        -0.8177293172841664
    ],
    "image_size": 128,
    "feature_names": [
        "log_area"
    ]
}