{
    "label_num": 3,
    "label_set": [
        0,
        1,
        2
    ],
    "label_value_set": [
        0,
        128,
        255
    ],
    "means": [
        [
            9.535675761814312,
            7.3526835069212915,
            0.0775996551652279
        ],
        [
            7.602403420240487,
            6.90715679601541,
            0.026084000913409226
        ],
        [
            9.519315318835302,
            7.591270702553376,
            0.043750937130338
        ]
    ],
    "stds": [
        [
            1.7255673479777514,
            1.053401067765219,
            0.025070832863695793
        ],
        [
            0.06332031250252408,
            0.1463038346144442,
            0.006885707845728361
        ],
        [
            0.0017857046518637441,
            0.03231548185822331,
            0.002834923945423524
        ]
    ],
    "image_size": 512,
    "feature_names": [
        "log_area",
        "log_perimeter",
        "circularity"
    ]
}