{
    "label_num": 2,
    "label_set": [
        0,
        1
    ],
    "label_value_set": [
        0,
        255
    ],
    "weights": [
        [
            0.26688735902638105,
            -0.394226309063997,
            0.5310762531836523
        ],
        [
            -0.2668873590259664,
            0.3942263090640556,
            -0.5310762531836637
        ]
    ],
    "bias": [
        0.27674250163196407,
        -0.2767425016311338
    ],
    "image_size": 256,
    "feature_names": [
        "log_area",
        "log_perimeter",
        "circularity"
    ]
}