{
    "label_set": [
        0,
        1
    ],
    "channels": 3,
    "mean": [
        [
            59.50249283488344,
            89.49672177394126,
            159.50011964729296
        ],
        [
            199.49030161302963,
            169.49968964336827,
            79.5037534936602
        ]
    ],
    "variance": [
        [
            [
                398.63640010909575,
                0.18713983129884143,
                0.11289982039844415
            ],
            [
                0.18713983129884143,
                399.7861670941293,
                -0.2628153147144867
            ],
            [
                0.11289982039844415,
                -0.2628153147144867,
                400.282252517225
            ]
        ],
        [
            [
                323.40907143236586,
                0.29861145217915686,
                -0.09056797116670404
            ],
            [
                0.29861145217915686,
                323.93660944463574,
                -0.16493671563470255
            ],
            [
                -0.09056797116670404,
                -0.16493671563470255,
                324.0789697526572
            ]
        ]
    ],
    "std": [
        [
            19.965880899902608,
            19.99465346271671,
            20.007055068580808
        ],
        [
            17.98357782623819,
            17.998239065104002,
            18.00219347059289
        ]
    ]
}