{
    "ar_param": [
        {
            "(-2, -2)": [
                [
                    0.02471847396239213,
                    0.0015824188328836546,
                    -0.00035292123434712603
                ],
                [
                    0.00507159664200449,
                    0.057068717632587626,
                    0.0050634231876370995
                ],
                [
                    -0.000301718235055191,
                    0.01622093629888985,
                    -0.004888638429838256
                ]
            ],
            "(-2, -1)": [
                [
                    0.021591644128361936,
                    0.04065212557172262,
                    0.014384690581569904
                ],
                [
                    0.06547982627704471,
                    0.0034575189986152713,
                    0.013221389265443154
                ],
                [
                    0.10264229577682034,
                    0.06657264404544413,
                    -0.024916017251773278
                ]
            ],
            "(-2, 0)": [
                [
                    0.001722789983790624,
                    -0.051502672282749094,
                    -0.014083828339025477
                ],
                [
                    0.04788715088288999,
                    -0.11224109008769483,
                    -0.003520943182025757
                ],
                [
                    0.014218704778680204,
                    -0.12004804986181908,
                    -0.003052507236390226
                ]
            ],
            "(-1, -2)": [
                [
                    -0.028344246552167295,
                    0.04665874535746041,
                    0.01296683299560134
                ],
                [
                    0.012172535416790505,
                    0.034928650312298755,
                    0.013743450999606586
                ],
                [
                    0.03158155716195508,
                    0.07542987552187151,
                    -0.014369070826917029
                ]
            ],
            "(-1, -1)": [
                [
                    -0.2331888411736986,
                    -0.048658411611484736,
                    0.008600641264380105
                ],
                [
                    -0.1409503651727996,
                    -0.15425911204552514,
                    -0.0017956694282055497
                ],
                [
                    -0.1987953615200519,
                    -0.14936886838684818,
                    -0.0017796374116040813
                ]
            ],
            "(-1, 0)": [
                [
                    0.27720333303136474,
                    0.04542648056926911,
                    -0.012970975884788852
                ],
                [
                    -0.01810146863660948,
                    0.3833177174256885,
                    -0.00814446510838638
                ],
                [
                    0.018700372463095454,
                    0.13117573381818548,
                    0.2326343933312934
                ]
            ],
            "(0, -2)": [
                [
                    -0.09688773702249506,
                    -0.049066256943035964,
                    0.0032520742930730174
                ],
                [
                    -0.06915707946455674,
                    -0.1033745166981219,
                    0.004793423791703945
                ],
                [
                    -0.1006652323634094,
                    -0.09765749190820468,
                    0.01345270483599145
                ]
            ],
            "(0, -1)": [
                [
                    0.5158174526164209,
                    0.0033594589520044254,
                    -0.037984756648717005
                ],
                [
                    0.19062142049530403,
                    0.3419445709874846,
                    -0.035218107235873986
                ],
                [
                    0.2254314032404076,
                    0.08043275714392459,
                    0.19674040826252578
                ]
            ]
        },
        {
            "(-2, -2)": [
                [
                    0.03984058625374218,
                    0.00459609387471397,
                    0.0003725299218701651
                ],
                [
                    0.01637759664240458,
                    0.03513948280191542,
                    0.0014272475355184102
                ],
                [
                    0.015571421441136725,
                    0.036991975963279584,
                    -0.012959310001436665
                ]
            ],
            "(-2, -1)": [
                [
                    -0.007971580604108845,
                    0.04956840203153065,
                    0.026765359689002035
                ],
                [
                    0.04411857186019806,
                    -0.0085704934045198,
                    0.027969182326184075
                ],
                [
                    0.09221216517504037,
                    0.0678185966473159,
                    -0.04334000376406525
                ]
            ],
            "(-2, 0)": [
                [
                    -0.00591417179701442,
                    -0.09358405130219233,
                    -0.014813062202361837
                ],
                [
                    0.06637593800886361,
                    -0.1659771181744588,
                    -0.007883724038949205
                ],
                [
                    0.011524836577393338,
                    -0.16467194650307465,
                    0.004411519711805517
                ]
            ],
            "(-1, -2)": [
                [
                    -0.07012257105886593,
                    0.06189387899145605,
                    0.0261198710427431
                ],
                [
                    0.017055366678889686,
                    -0.00022983564185940887,
                    0.028331777268856693
                ],
                [
                    0.038832986017561986,
                    0.08645267536474491,
                    -0.03853491193383078
                ]
            ],
            "(-1, -1)": [
                [
                    -0.4332663360769916,
                    -0.07843902502413475,
                    0.0069685217565779445
                ],
                [
                    -0.2523573406728234,
                    -0.28008320683435706,
                    -0.002307508181931438
                ],
                [
                    -0.3426049247182159,
                    -0.24602289507831765,
                    -0.00407554523781687
                ]
            ],
            "(-1, 0)": [
                [
                    0.5414575060918762,
                    0.08594479921811254,
                    -0.024933851960461786
                ],
                [
                    -0.03839920170616737,
                    0.6682316481041491,
                    -0.026452061353689455
                ],
                [
                    0.016848794679689635,
                    0.20787658165751038,
                    0.39875553670353747
                ]
            ],
            "(0, -2)": [
                [
                    -0.18257820863149238,
                    -0.0622749632565471,
                    0.017418196487767903
                ],
                [
                    -0.13745596835829355,
                    -0.14825445849113014,
                    0.01276282822000706
                ],
                [
                    -0.1955869958528795,
                    -0.13297010932942574,
                    0.029786467825935775
                ]
            ],