{
    "label_num": 2,
    "label_set": [
        0,
        1
    ],
    "label_value_set": [
        0,
        255
    ],
    "means": [
        [
            6.851627497798684,
            5.708297990698867,
            0.20875421947254255
        ],
        [
            5.786294332055512,
            4.92300400672984,
            0.2529847671376881
        ]
    ],
    "stds": [
        [
            1.9311383779267788,
            1.4439577990597119,
            0.18873382765500968
        ],
        [
            1.0724613059631394,
            0.7500321371904077,
            0.12077394628602783
        ]
    ],
    "image_size": 128,
    "feature_names": [
        "log_area",
        "log_perimeter",
        "circularity"
    ]
}