{
    "label_set": [
        0,
        1
    ],
    "channels": 3,
    "mean": [
        [
            210.19412225147656,
            186.33985625845014,
            139.2521644251524
        ],
        [
            133.84253753689524,
            129.07276382769388,
            91.96496556444369
        ]
    ],
    "variance": [
        [
            [
                1035.5337495114431,
                860.9388651623821,
                680.9728239840734
            ],
            [
                860.9388651623821,
                757.4668891977492,
                595.8163853060182
            ],
            [
                680.9728239840734,
                595.8163853060182,
                492.27539273121334
            ]
        ],
        [
            [
                1225.3850110814174,
                852.3804099606335,
                739.6168472533994
            ],
            [
                852.3804099606335,
                757.6622001157581,
                559.238507660302
            ],
            [
                739.6168472533994,
                559.238507660302,
                482.81910981624134
            ]
        ]
    ],
    "std": [
        [
            32.17971021484568,
            27.522116364802855,
            22.187279975950485
        ],
        [
            35.00549972620613,
            27.52566439008799,
            21.97314519626722
        ]
    ]
}