{
    "ar_param": [
        {
            "(-2, -2)": [
                [
                    -0.02963748914651545,
                    -0.0018977061184302544,
                    0.007840555331811803
                ],
                [
                    -0.04596360804441686,
                    0.03196956518137509,
                    -0.00462412904604222
                ],
                [
                    -0.03631286966397833,
                    0.01839138932960439,
                    0.002150764499592614
                ]
            ],
            "(-2, -1)": [
                [
                    0.10037938346891336,
                    0.029990205773671324,
                    0.030887272131956724
                ],
                [
                    0.046495385040734666,
                    0.054849589707508334,
                    0.05023156085221373
                ],
                [
                    0.03380057064666873,
                    -0.000399783724587571,
                    0.11247877138692589
                ]
            ],
            "(-2, 0)": [
                [
                    -0.17325366413163465,
                    -0.08706848595732704,
                    0.025904665954090828
                ],
                [
                    -0.05161502842898874,
                    -0.17844589257647403,
                    0.007596998583638693
                ],
                [
                    -0.03646380288869228,
                    -0.0649308186232482,
                    -0.10754310215677115
                ]
            ],
            "(-1, -2)": [
                [
                    0.17668517567078315,
                    0.06257999844881411,
                    -0.038855190833277965
                ],
                [
                    0.10284427951851513,
                    0.11258710557146936,
                    -0.02910064653948976
                ],
                [
                    0.08359266437549831,
                    0.017408899609460196,
                    0.07927593477617884
                ]
            ],
            "(-1, -1)": [
                [
                    -0.9095255931707223,
                    -0.1044537516781881,
                    0.4218514613153438
                ],
                [
                    -0.4029508555577478,
                    -0.5074649261655714,
                    0.3516776410834131
                ],
                [
                    -0.3389632865193702,
                    -0.04763349139094451,
                    -0.14619701831434723
                ]
            ],
            "(-1, 0)": [
                [
                    0.9300872888977876,
                    0.11116777460925793,
                    -0.2794426655406397
                ],
                [
                    0.24209535246393749,
                    0.7267421640284805,
                    -0.22637980160885257
                ],
                [
                    0.20188108096371776,
                    0.08516404819378184,
                    0.4336599158072203
                ]
            ],
            "(0, -2)": [
                [
                    -0.21126677642359887,
                    -0.0844255950915357,
                    0.1412554511283226
                ],
                [
                    -0.09590426837964733,
                    -0.1820035761641161,
                    0.13043187231461234
                ],
                [
                    -0.07594780859216363,
                    -0.04155907314899329,
                    -0.029038633125308647
                ]
            ],
            "(0, -1)": [
                [
                    0.9111715732171036,
                    0.07619102196171881,
                    -0.3653950573544899
                ],
                [
                    0.25271460386669076,
                    0.6868672367916967,
                    -0.3355726695897476
                ],
                [
                    0.20937932982428803,
                    0.04967269147439674,
                    0.330371367760615
                ]
            ]
        },
        {
            "(-2, -2)": [
                [
                    -0.03539011992578468,
                    -0.07475298890621547,
                    0.08283341623293076
                ],
                [
                    -0.03155282411924196,
                    -0.07993476527548099,
                    0.08714289473622938
                ],
                [
                    -0.030242409626288325,
                    -0.06614907080564059,
                    0.08249696332932697
                ]
            ],
            "(-2, -1)": [
                [
                    0.13232569477787479,
                    0.07719290315429214,
                    -0.031231601209497865
                ],
                [
                    0.0505860886285378,
                    0.1418940052787213,
                    -0.024609345775910847
                ],
                [
                    0.04457367115888433,
                    0.05561301520403681,
                    0.055507025752900625
                ]
            ],
            "(-2, 0)": [
                [
                    -0.2626107112038133,
                    -0.0224797918591254,
                    0.06347586095078955
                ],
                [
                    -0.11327074005605972,
                    -0.15639548906441417,
                    0.06026855347318546
                ],
                [
                    -0.09643777581132691,
                    -0.019883592392048666,
                    -0.0754080633232633
                ]
            ],
            "(-1, -2)": [
                [
                    0.25326760765773193,
                    0.07504893717712723,
                    -0.06885745904781412
                ],
                [
                    0.10653953273349236,
                    0.1954885325339,
                    -0.05392246705416199
                ],
                [
                    0.10162470129774656,
                    0.0749816137723171,
                    0.050585592276778404
                ]
            ],
            "(-1, -1)": [
                [
                    -1.0755401586618276,
                    -0.03877660568431386,
                    0.46916454360493903
                ],
                [
                    -0.4700944760942917,
                    -0.5556926714530173,
                    0.41614164575623613
                ],
                [
                    -0.4456010593108742,
                    -0.05590709954600646,
                    -0.0726292316915943
                ]
            ],
            "(-1, 0)": [
                [
                    1.1115487775263309,
                    0.009598135998508919,
                    -0.33778053461941937
                ],
                [
                    0.34086158009474354,
                    0.7248065289290156,
                    -0.30730676130610207
                ],
                [
                    0.30944356306872056,
                    0.039903829230594164,
                    0.3793507699424587
                ]
            ],
            "(0, -2)": [
                [
                    -0.31356394254230735,
                    -0.052736542211180855,
                    0.170407458225621
                ],
                [
                    -0.1313314663266779,
                    -0.1993299015062726,
                    0.1378621441528313
                ],
                [
                    -0.13886891660193854,
                    -0.04818698248350821,
                    0.005369778006195485
                ]
            ],