{
    "label_num": 2,
    "label_set": [
        0,
        1
    ],
    "label_value_set": [
        0,
        255
    ],
    "means": [
        [
            6.509534205009573,
            5.20084301985254,
            0.4486497244828718,
            3.530270245308523,
            0.7105990813526266,
            0.8005157685612114,
            0.5034162499384841,
            0.6168212658502991
        ],
        [
            5.746084712878918,
            4.62496645490113,
            0.4364856568049964,
            4.099758848560096,
            0.7635479901266674,
            0.8353398037239668,
            0.4313205129412432,
            0.4416748605954525
        ]
    ],
    "stds": [
        [
            2.123190738185023,
            1.545165170873006,
            0.5450396325922304,
            3.7890459089117554,
            0.39769305653449366,
            0.14407770506082607,
            0.2708713916470748,
            0.24828255492430248
        ],
        [
            1.155968324230833,
            0.7753022715461385,
            0.20022232923214814,
            2.5286176790157433,
            0.2078188918998778,
            0.11474204438552946,
            0.29773123443767013,
            0.30730621786681034
        ]
    ],
    "image_size": 128
}