{
    "label_num": 9,
    "label_set": [
        3,
        4,
        5,
        6,
        8,
        9,
        12,
        13,
        14
    ],
    "label_value_set": [
        0,
        32,
        64,
        96,
        128,
        159,
        191,
        223,
        255
    ],
    "means": [
        [
            8.418256443556213,
            6.2324480165505225,
            0.2204899797795056
        ],
        [
            6.9709308967071495,
            5.406651065326162,
            0.3102287969943113
        ],
        [
            6.390638449729344,
            4.979985748720094,
            0.38690729486830006
        ],
        [
            9.054496065003995,
            6.446462390568444,
            0.30228928952436285
        ],
        [
            5.497161080517452,
            4.5490071627736395,
            0.3876885379221245
        ],
        [
            9.97357945448778,
            6.820818093865112,
            0.36313652757721665
        ],
        [
            8.342376584589642,
            6.021046180007777,
            0.35049036879480566
        ],
        [
            10.331656563419857,
            7.075596122979299,
            0.28538985185496507
        ],
        [
            7.3317291422287445,
            5.6428347260775436,
            0.2758268033421248
        ]
    ],
    "stds": [
        [
            1e-06,
            1e-06,
            1e-06
        ],
        [
            1.7984088549415236,
            1.1365211523625536,
            0.1513044791788367
        ],
        [
            1.4638985156657598,
            0.9127547660720897,
            0.16076618662275616
        ],
        [
            2.648455456431562,
            1.452130427591413,
            0.13081354690944966
        ],
        [
            0.846879439748547,
            0.6361391469154744,
            0.1794833194261935
        ],
        [
            2.55487185500889,
            1.2374843367060868,
            0.16214468276753566
        ],
        [
            2.0365784120155497,
            1.1770715360488315,
            0.15171155238277126
        ],
        [
            0.9826615575221391,
            0.5526023867757835,
            0.08736620369053805
        ],
        [
            1.3340096383849782,
            0.8650395292855542,
            0.1532831035056624
        ]
    ],
    "image_size": 512,
    "feature_names": [
        "log_area",
        "log_perimeter",
        "circularity"
    ]
}