{
    "label_set": [
        3,
        4,
        5,
        6,
        8,
        9,
        12,
        13,
        14
    ],
    "channels": 4,
    "mean": [
        [
            53.504416961130744,
            68.39620141342756,
            72.71532685512368,
            51.45030918727915
        ],
        [
            95.09306445350417,
            98.39283634245777,
            90.87436905455252,
            90.36886041545331
        ],
        [
            157.41810344827587,
            154.68269230769232,
            134.72314323607426,
            127.31332891246684
        ],
        [
            56.0921777660177,
            68.033345634998,
            67.39992363683629,
            21.100807499837526
        ],
        [
            123.09332191780823,
            124.53938356164383,
            101.15068493150685,
            136.55950342465752
        ],
        [
            115.55147026767808,
            124.83560712573023,
            100.85326069186503,
            141.45931151364547
        ],
        [
            69.56653814069536,
            86.30224646789493,
            75.53850966492656,
            123.81340142756306
        ],
        [
            66.83290126948215,
            79.48399792609351,
            72.44983345902463,
            89.70752419557567
        ],
        [
            97.36940807967231,
            109.09463095333709,
            89.45114850212835,
            134.6949642598988
        ]
    ],
    "variance": [
        [
            [
                537.2053701830338,
                472.3224549407533,
                442.81320527007455,
                251.74922566613392
            ],
            [
                472.3224549407533,
                429.92871448593445,
                411.9729910825771,
                226.94305329461605
            ],
            [
                442.81320527007455,
                411.9729910825771,
                423.152398596346,
                160.10676867102532
            ],
            [
                251.74922566613392,
                226.94305329461605,
                160.10676867102532,
                373.3336625651806
            ]
        ],
        [
            [
                2864.3083900948554,
                2311.980088153432,
                1811.9388418432284,
                2101.7559556471247
            ],
            [
                2311.980088153432,
                1899.5631141161005,
                1510.9695135348697,
                1712.688116084124
            ],
            [
                1811.9388418432284,
                1510.9695135348697,
                1256.2889887838132,
                1269.7021595411268
            ],
            [
                2101.7559556471247,
                1712.688116084124,
                1269.7021595411268,
                1877.5891419843997
            ]
        ],
        [
            [
                865.9276440874418,
                785.4947364058357,
                837.3584603379676,
                409.10308098188983
            ],
            [
                785.4947364058357,
                745.1476590034687,
                764.0126154101204,
                501.3935198173842
            ],
            [
                837.3584603379676,
                764.0126154101204,
                830.7632054436743,
                376.7850230908188
            ],
            [
                409.10308098188983,
                501.3935198173842,
                376.7850230908188,
                867.2178074249731
            ]
        ],
        [
            [
                284.16477320633624,
                233.66711980457654,
                138.25125368504166,
                71.51954126710679
            ],
            [
                233.66711980457654,
                198.55498349898969,
                119.12140233655315,
                89.08057880273132
            ],
            [
                138.25125368504166,
                119.12140233655315,
                84.61078806860073,
                40.00662715410672
            ],
            [
                71.51954126710679,
                89.08057880273132,
                40.00662715410672,
                453.51555512980883
            ]
        ],
        [
            [
                343.8782783210264,
                272.66113629433295,
                257.646040532933,
                161.5419641495825
            ],
            [
                272.66113629433295,
                266.3451965104147,
                239.06940795646463,
                223.37586715964528
            ],
            [
                257.646040532933,
                239.06940795646463,
                242.31804847607435,
                171.28041729217497
            ],
            [
                161.5419641495825,
                223.37586715964528,
                171.28041729217497,
                308.379165821906
            ]
        ],
        [
            [
                912.8546274022714,
                698.1314852302802,
                487.52124110518207,
                682.44932972989
            ],
            [
                698.1314852302802,
                591.312602094581,
                385.9143021513223,
                703.2530063955234
            ],
            [
                487.52124110518207,
                385.9143021513223,
                301.04558564101586,
                345.97636289103093
            ],
            [
                682.44932972989,
                703.2530063955234,
                345.97636289103093,
                1291.7598220361472
            ]
        ],
        [
            [
                780.2252341105947,
                772.7205379211064,
                568.3793437862281,
                777.1956730079822
            ],
            [
                772.7205379211064,
                781.3917896550442,
                574.9411886329931,
                815.2984069352714
            ],
            [
                568.3793437862281,
                574.9411886329931,
                469.0131154231095,
                541.5734408923428
            ],
            [
                777.1956730079822,
                815.2984069352714,
                541.5734408923428,
                1399.8470588671544
            ]
        ],
        [
            [
                683.502158514007,
                657.3008509292189,
                545.3415928819986,
                747.0261810831774
            ],
            [
                657.3008509292189,
                644.4811111980848,
                536.5991728786139,
                739.8813609758857
            ],
            [
                545.3415928819986,
                536.5991728786139,
                468.3620833629126,
                575.0392451413476
            ],
            [
                747.0261810831774,
                739.8813609758857,
                575.0392451413476,
                1058.4700066036767
            ]
        ],
        [
            [
                1083.4438133474061,
                929.2053847024447,
                701.1068542658792,
                706.8635460514496
            ],
            [
                929.2053847024447,
                874.3672607445362,
                641.5362970265332,
                804.8372547073149
            ],
            [
                701.1068542658792,
                641.5362970265332,
                542.3460403604059,
                475.11972628793535
            ],
            [
                706.8635460514496,
                804.8372547073149,
                475.11972628793535,
                1282.315194499245
            ]
        ]
    ],