{
    "label_num": 2,
    "label_set": [
        0,
        1
    ],
    "label_value_set": [
        0,
        255
    ],
    "weights": [
        [
            -0.20630324139225967,
            0.5386122478909652,
            1.6814660336120875
        ],
        [
            0.20630324139156306,
            -0.5386122478910238,
            -1.681466033612085
        ]
    ],
    "bias": [
        -2.0396092742564615,
        2.039609274256378
    ],
    "image_size": 128,
    "feature_names": [
        "log_area",
        "log_perimeter",
        "circularity"
    ]
}