{
    "label_set": [
        0,
        1
    ],
    "channels": 3,
    "mean": [
        [
            59.48792838032783,
            89.49264235238178,
            159.52063465425672
        ],
        [
            199.51112619088264,
            169.51910843750838,
            79.47205296667856
        ]
    ],
    "variance": [
        [
            [
                398.48266869543556,
                -0.2636557421738612,
                -0.4947117863579444
            ],
            [
                -0.2636557421738612,
                400.48849837823593,
                -0.08782932374854847
            ],
            [
                -0.4947117863579444,
                -0.08782932374854847,
                401.12563389149665
            ]
        ],
        [
            [
                323.0972791685926,
                -0.1391601975280238,
                0.06921354735708603
            ],
            [
                -0.1391601975280238,
                323.6117841049049,
                -0.11452185017582305
            ],
            [
                0.06921354735708603,
                -0.11452185017582305,
                323.5246356877056
            ]
        ]
    ],
    "std": [
        [
            19.96203067564609,
            20.012208733126783,
            20.028121077412546
        ],
        [
            17.97490693073521,
            17.989212992927314,
            17.98679058886564
        ]
    ]
}