{
  "num_samples": 50,
  "feature_names": [
    "log_area",
    "log_perimeter",
    "circularity"
  ],
  "label_set": [
    0,
    1,
    2
  ],
  "means_hat": [
    [
      4.705196633984213,
      4.042524231729642,
      0.46370682731591606
    ],
    [
      9.11112874478616,
      6.67446261253485,
      0.19947541146654624
    ],
    [
      8.770117594180574,
      5.9443923454328305,
      0.5729934337995617
    ]
  ],
  "stds_hat": [
    [
      0.791770041413903,
      0.4997497352230785,
      0.14258201464799328
    ],
    [
      0.9933020797933255,
      0.6532206330441057,
      0.10131884892148038
    ],
    [
      0.813232583919018,
      0.3994450172431758,
      0.1358027130619233
    ]
  ],
  "means_err": [
    [
      0.7051966339842126,
      0.5425242317296419,
      0.013706827315916048
    ],
    [
      2.6111287447861606,
      1.6744626125348496,
      -0.30052458853345376
    ],
    [
      -0.22988240581942598,
      -0.05560765456716954,
      -0.12700656620043826
    ]
  ],
  "stds_err": [
    [
      -0.20822995858609705,
      -0.00025026477692152715,
      -0.057417985352006734
    ],
    [
      -0.5066979202066745,
      0.15322063304410571,
      0.0013188489214803756
    ],
    [
      -0.18676741608098202,
      -0.10055498275682417,
      0.035802713061923286
    ]
  ]
}