{
    "label_set": [
        0,
        1,
        2
    ],
    "channels": 1,
    "mean": [
        [
            101.59496998061559
        ],
        [
            149.5398858770216
        ],
        [
            149.5122690687831
        ]
    ],
    "variance": [
        [
            [
                4155.890962885599
            ]
        ],
        [
            [
                399.05644861513036
            ]
        ],
        [
            [
                400.535118134854
            ]
        ]
    ],
    "std": [
        [
            64.46620015857611
        ],
        [
            19.976397288178127
        ],
        [
            20.01337348212075
        ]
    ]
}