{
    "label_num": 3,
    "label_set": [
        0,
        1,
        2
    ],
    "label_value_set": [
        0,
        128,
        255
    ],
    "weights": [
        [
            1.0843809609707509
        ],
        [
            -1.912229268506467
        ],
        [
            0.8278483075357052
        ]
    ],
    "bias": [
        -10.664849811786864,
        17.476294370183776,
        -6.811444558397435
    ],
    "image_size": 256,
    "feature_names": [
        "log_area"
    ]
}