{
    "label_set": [
        0,
        1,
        2
    ],
    "channels": 3,
    "mean": [
        [
            102.01091555485768,
            102.01091555485768,
            102.01091555485768
        ],
        [
            149.4885349424837,
            149.4885349424837,
            149.4885349424837
        ],
        [
            199.47464286579967,
            199.47464286579967,
            199.47464286579967
        ]
    ],
    "variance": [
        [
            [
                3675.7205806987804,
                3675.7205796987805,
                3675.7205796987805
            ],
            [
                3675.7205796987805,
                3675.7205806987804,
                3675.7205796987805
            ],
            [
                3675.7205796987805,
                3675.7205796987805,
                3675.7205806987804
            ]
        ],
        [
            [
                399.2198243923396,
                399.2198233923396,
                399.2198233923396
            ],
            [
                399.2198233923396,
                399.2198243923396,
                399.2198233923396
            ],
            [
                399.2198233923396,
                399.2198233923396,
                399.2198243923396
            ]
        ],
        [
            [
                398.5690858178828,
                398.5690848178828,
                398.5690848178828
            ],
            [
                398.5690848178828,
                398.5690858178828,
                398.5690848178828
            ],
            [
                398.5690848178828,
                398.5690848178828,
                398.5690858178828
            ]
        ]
    ],
    "std": [
        [
            60.627721223041036,
            60.627721223041036,
            60.627721223041036
        ],
        [
            19.980486089991395,
            19.980486089991395,
            19.980486089991395
        ],
        [
            19.964195095667716,
            19.964195095667716,
            19.964195095667716
        ]
    ]
}