{
    "label_num": 3,
    "label_set": [
        0,
        1,
        2
    ],
    "label_value_set": [
        0,
        128,
        255
    ],
    "weights": [
        [
            35.870569972472616,
            -44.85115684727507,
            46.34971911731281
        ],
        [
            -25.7885890498901,
            26.57462953862941,
            -3.23790012520075
        ],
        [
            -10.081980922594193,
            18.276527308615268,
            -43.11181899213137
        ]
    ],
    "bias": [
        -2.084780175298852,
        35.90141190489963,
        -33.81663172967353
    ],
    "image_size": 512,
    "feature_names": [
        "log_area",
        "log_perimeter",
        "circularity"
    ]
}