{
  "num_samples": 50,
  "feature_names": [
    "log_area",
    "log_perimeter",
    "circularity"
  ],
  "label_set": [
    0,
    1,
    2
  ],
  "weights_hat": [
    [
      -8.622477891140278,
      13.655905304558281,
      13.602914843320129
    ],
    [
      -0.2803027279703692,
      1.757067642371907,
      -1.9507132087459085
    ],
    [
      8.902780619103764,
      -15.412972946923526,
      -11.652201634557995
    ]
  ],
  "bias_hat": [
    -17.513055777922247,
    -5.885894339977779,
    23.398950117885033
  ],
  "weights_err": [
    [
      -7.222477891140278,
      14.555905304558282,
      10.802914843320128
    ],
    [
      -0.38030272797036924,
      0.7570676423719069,
      0.5492867912540915
    ],
    [
      6.502780619103763,
      -17.212972946923525,
      -13.152201634557995
    ]
  ],
  "bias_err": [
    -24.013055777922247,
    -1.3858943399777788,
    54.398950117885036
  ]
}