{
    "label_num": 9,
    "label_set": [
        3,
        4,
        5,
        6,
        8,
        9,
        12,
        13,
        14
    ],
    "label_value_set": [
        0,
        32,
        64,
        96,
        128,
        159,
        191,
        223,
        255
    ],
    "means": [
        [
            8.418256443556213,
            6.1327834827681675,
            0.2692375189666124,
            3.1844680414328246,
            0.546053758647723,
            0.7108320251177394,
            0.8976093197879859,
            0.11515845848056537
        ],
        [
            6.9709308967071495,
            5.298983024234035,
            0.39995092277136446,
            3.5019001529450415,
            0.6098445542754096,
            0.7801527739614187,
            0.40655169595834184,
            0.33836469371013794
        ],
        [
            6.390638449729344,
            4.850619917992728,
            0.5066910639688279,
            1.9631582571578639,
            0.6658063089473497,
            0.7885490938308283,
            0.2730905835653999,
            0.2968110731494386
        ],
        [
            8.22383666099219,
            5.857153327732881,
            0.5043547906331481,
            2.7602189734832603,
            0.8423053766202195,
            0.8070058083187027,
            0.665053375527882,
            0.52586681647514
        ],
        [
            4.834507276112734,
            3.988353704818888,
            0.6893019517411489,
            2.8380059671988915,
            0.9179169004666936,
            0.855850131122485,
            0.07378295412542593,
            0.3462489609820165
        ],
        [
            9.97357945448778,
            6.757523388278864,
            0.41566746033042756,
            3.3868170748650415,
            0.7170832378539026,
            0.8737700237456373,
            0.5089731031153579,
            0.658892195108951
        ],
        [
            7.965241404751863,
            5.689211409767001,
            0.5535091271249967,
            1.9699575282288708,
            0.7662910549121489,
            0.8069826310926479,
            0.49327169923242525,
            0.445273647279676
        ],
        [
            10.331656563419857,
            6.992269796320372,
            0.33745123878136124,
            1.7039380253936913,
            0.5381999476655929,
            0.8132311753118077,
            0.7145659414675013,
            0.4960225131129832
        ],
        [
            7.3317291422287445,
            5.544356613738732,
            0.342398729966849,
            3.213643005254725,
            0.589065629298,
            0.7336118091973617,
            0.3497960323433096,
            0.2919624082100098
        ]
    ],
    "stds": [
        [
            1e-06,
            1e-06,
            1e-06,
            1e-06,
            1e-06,
            1e-06,
            1e-06,
            1e-06
        ],
        [
            1.7984088549415236,
            1.1745715772713075,
            0.22194093002759377,
            2.1402429100726166,
            0.14264389467449767,
            0.1279826999506708,
            0.24952256047092392,
            0.38710932181292135
        ],
        [
            1.4638985156657598,
            0.9377022104098421,
            0.2195596506770053,
            0.920113652322042,
            0.16987464250667564,
            0.12718405276873343,
            0.11104356455270797,
            0.04206725705178577
        ],
        [
            3.339325291183773,
            1.9396519132135703,
            0.4186338727354012,
            2.7596034624147325,
            0.6655628002950326,
            0.1454505860155766,
            0.2886876365122997,
            0.35705744416607893
        ],
        [
            1.5139945756181465,
            1.0619556074361909,
            0.45104118847430597,
            1.0317932905964668,
            0.6839635464936267,
            0.12095656645041941,
            0.13303019845707018,
            0.39883599338623094
        ],
        [
            2.55487185500889,
            1.2700972442229117,
            0.18940960025374035,
            3.1448955049433542,
            0.14960608654774307,
            0.07283807848541884,
            0.1997101471817016,
            0.31161004905272616
        ],
        [
            2.5053632220513085,
            1.51574696442203,
            0.576690950571539,
            0.8242236433857338,
            0.7279421232049685,
            0.14245439481027866,
            0.30020890732237054,
            0.31304381762149236
        ],
        [
            0.9826615575221391,
            0.5571486595744566,
            0.10498644330847741,
            0.204725058071383,
            0.08722396795681897,
            0.13294599556459472,
            0.06735861529918385,
            0.38927758057061174
        ],
        [
            1.3340096383849782,
            0.8862516093966466,
            0.20421409510968536,
            1.6589880029082085,
            0.14752994844462655,
            0.13142453077902702,
            0.2956042047016434,
            0.29847135903049604
        ]
    ],
    "image_size": 512
}