{
    "label_num": 3,
    "label_set": [
        0,
        1,
        2
    ],
    "label_value_set": [
        0,
        128,
        255
    ],
    "weights": [
        [
            -36.1133884996144,
            65.37474716620252,
            45.57379674621856
        ],
        [
            10.699774794514504,
            -13.23027485400825,
            20.50204711686218
        ],
        [
            25.413613705132278,
            -52.144472312156644,
            -66.0758438632798
        ]
    ],
    "bias": [
        -103.89366444737998,
        -25.72664209584548,
        129.62030654348342
    ],
    "image_size": 256,
    "feature_names": [
        "log_area",
        "log_perimeter",
        "circularity"
    ]
}