{
    "label_set": [
        0,
        1,
        2
    ],
    "channels": 1,
    "mean": [
        [
            49.50800668231782
        ],
        [
            199.49331285194927
        ],
        [
            119.50810107266281
        ]
    ],
    "variance": [
        [
            [
                225.11171731834722
            ]
        ],
        [
            [
                399.1733066692959
            ]
        ],
        [
            [
                400.20715789405307
            ]
        ]
    ],
    "std": [
        [
            15.003723448475956
        ],
        [
            19.979321977216742
        ],
        [
            20.00517827698751
        ]
    ]
}