{
    "label_num": 7,
    "label_set": [
        1,
        2,
        3,
        4,
        5,
        6,
        7
    ],
    "label_value_set": [
        255,
        127,
        85,
        63,
        51,
        42,
        36
    ],
    "max_depth": 8,
    "categorical_probs_list": [
        [
            0.0,
            0.0,
            0.0,
            0.0,
            0.0,
            0.0,
            1.0
        ],
        [
            0.11320754716981132,
            0.0,
            0.0,
            0.16981132075471697,
            0.018867924528301886,
            0.0,
            0.6981132075471698
        ],
        [
            0.45588235294117646,
            0.029411764705882353,
            0.0,
            0.10294117647058823,
            0.04411764705882353,
            0.014705882352941176,
            0.35294117647058826
        ],
        [
            0.41818181818181815,
            0.03636363636363636,
            0.09090909090909091,
            0.10909090909090909,
            0.05454545454545454,
            0.03636363636363636,
            0.2545454545454545
        ],
        [
            0.47058823529411764,
            0.0,
            0.058823529411764705,
            0.058823529411764705,
            0.058823529411764705,
            0.0,
            0.35294117647058826
        ],
        [
            0.21428571428571427,
            0.21428571428571427,
            0.0,
            0.14285714285714285,
            0.0,
            0.0,
            0.42857142857142855
        ],
        [
            0.25,
            0.0,
            0.0,
            0.25,
            0.0,
            0.0,
            0.5
        ],
        [
            0.0,
            0.0,
            0.0,
            0.5,
            0.0,
            0.0,
            0.5
        ],
        [
            0.75,
            0.0,
            0.125,
            0.0,
            0.0,
            0.0,
            0.125
        ]
    ]
}